Datum;Fallzahl;Neue Faelle;Genesene;Todesfaelle;7-Tage-Inzidenz;rel Veraenderung der 7-Tage-Inzidenz;7-Tage-Hosp-Inzidenz;ITS-Belegung
16.03.2020;332;332;;0;7,0;;;
17.03.2020;383;51;;0;8,1;267,7;;
18.03.2020;519;136;;0;9,7;246,1;;
19.03.2020;688;169;;0;12,6;262,5;;
20.03.2020;868;180;;1;16,2;294,2;;
21.03.2020;1025;157;;1;19,2;298,2;;
22.03.2020;1071;46;;1;21,9;278,3;;
23.03.2020;1219;148;;2;23,0;236,8;;
24.03.2020;1425;206;;3;25,7;204,2;;
25.03.2020;1645;220;;4;28,5;180,3;;
26.03.2020;1937;292;;7;31,2;160,6;;
27.03.2020;2152;215;;8;34,1;144,4;;
28.03.2020;2337;185;;9;35,2;126,0;;
29.03.2020;2462;125;;11;37,1;109,7;;
30.03.2020;2581;119;;13;37,6;92,0;;
31.03.2020;2777;196;;16;37,9;75,3;;
01.04.2020;2993;216;;;38,3;60,5;;
02.04.2020;3223;230;;20;36,7;46,6;;
03.04.2020;3486;263;;22;35,4;34,8;;
04.04.2020;3626;140;;24;36,2;26,3;;
05.04.2020;3687;61;;26;33,7;17,6;;
06.04.2020;3862;175;;28;33,5;9,8;;
07.04.2020;4038;176;;32;32,8;3,0;;
08.04.2020;4212;174;;37;32,5;-2,2;;
09.04.2020;4357;145;;42;32,2;-6,2;;
10.04.2020;4446;89;;46;30,6;-9,3;;
11.04.2020;4553;107;;50;26,4;-13,7;;
12.04.2020;4583;30;;51;25,8;-16,6;;
13.04.2020;4667;84;;56;25,2;-18,9;;
14.04.2020;4729;62;;62;22,9;-21,2;;
15.04.2020;4870;141;;74;19,3;-24,0;;
16.04.2020;4971;101;;84;17,6;-27,3;;
17.04.2020;5091;120;;91;15,3;-31,4;;
18.04.2020;5187;96;;92;16,3;-33,4;;
19.04.2020;5225;38;;94;16,1;-35,9;;
20.04.2020;5265;40;;97;15,5;-37,7;;
21.04.2020;5341;76;;105;15,1;-38,9;;
22.04.2020;5355;14;;105;15,2;-38,5;;
23.04.2020;5476;121;;112;14,3;-36,5;;
24.04.2020;5532;56;4412;113;14,2;-33,0;;
25.04.2020;5607;75;4508;123;12,9;-31,8;;
26.04.2020;5644;37;4587;125;12,2;-29,3;;
27.04.2020;5677;33;4652;127;11,9;-25,1;;
28.04.2020;5738;61;4730;137;12,2;-20,4;;
29.04.2020;5821;83;4837;147;12,2;-18,1;;
30.04.2020;5881;60;4897;149;11,8;-17,2;;
01.05.2020;5936;55;4978;152;11,0;-19,4;;
02.05.2020;5970;34;5040;154;9,7;-21,1;;
03.05.2020;6004;34;5091;154;9,1;-22,5;;
04.05.2020;6036;32;5154;154;9,3;-23,4;;
05.05.2020;6086;50;5296;162;9,2;-23,8;;
06.05.2020;6143;57;5296;162;8,6;-23,6;;
07.05.2020;6203;60;5364;163;8,4;-23,7;;
08.05.2020;6236;33;5431;164;8,4;-22,6;;
09.05.2020;6256;20;5477;165;7,8;-23,1;;
10.05.2020;6267;11;5518;165;7,5;-24,5;;
11.05.2020;6269;2;5586;165;6,8;-26,3;;
12.05.2020;6294;25;5641;170;5,9;-27,8;;
13.05.2020;6338;44;5687;173;5,5;-28,4;;
14.05.2020;6393;55;5737;177;5,5;-28,0;;
15.05.2020;6424;31;5787;181;5,1;-28,1;;
16.05.2020;6443;19;5825;181;5,4;-29,1;;
17.05.2020;6454;11;5850;180;5,4;-30,5;;
18.05.2020;6474;20;5880;182;5,4;-30,0;;
19.05.2020;6503;29;5918;186;5,8;-27,3;;
20.05.2020;6552;49;5959;186;6,1;-23,9;;
21.05.2020;6582;30;5987;190;5,7;-20,1;;
22.05.2020;6611;29;6018;190;4,8;-16,8;;
23.05.2020;6636;25;6049;191;5,3;-12,0;;
24.05.2020;6641;5;6060;191;5,0;-7,6;;
25.05.2020;6651;10;6086;191;4,9;-4,7;;4,5
26.05.2020;6672;21;6123;193;4,6;-5,5;;4,4
27.05.2020;6702;30;6175;195;4,0;-9,5;;3,7
28.05.2020;6737;35;6208;196;3,9;-13,1;;3,2
29.05.2020;6766;29;6240;197;4,3;-16,3;;3,4
30.05.2020;6799;33;6259;198;4,1;-18,4;;3,3
31.05.2020;6815;16;6279;198;4,5;-19,0;;3,2
01.06.2020;6838;23;6319;198;5,2;-16,8;;3,3
02.06.2020;6873;35;6358;198;4,6;-13,9;0,9;3,4
03.06.2020;6900;27;6388;200;5,2;-6,6;1,0;3,6
04.06.2020;6945;45;6412;200;5,5;2,3;1,3;3,6
05.06.2020;6963;18;6443;201;5,7;7,7;1,3;3,8
06.06.2020;6996;33;6455;205;5,9;16,1;1,1;3,4
07.06.2020;7015;19;6470;205;5,7;21,3;1,2;3,5
08.06.2020;7041;26;6531;206;5,2;22,0;1,2;3,4
09.06.2020;7081;40;6531;206;5,9;24,6;0,9;3,2
10.06.2020;7135;54;6559;208;6,3;24,9;1,0;3,3
11.06.2020;7164;29;6582;208;6,9;25,8;0,9;3,3
12.06.2020;7251;87;6609;208;7,5;29,0;0,9;3,3
13.06.2020;7281;30;6627;208;7,7;29,7;1,0;3,3
14.06.2020;7321;40;6656;208;9,1;36,6;1,1;3,4
15.06.2020;7368;47;6685;208;9,2;43,0;1,2;3,2
16.06.2020;7401;33;6725;209;9,3;43,3;1,4;3,6
17.06.2020;7474;73;6778;210;9,8;45,0;1,2;3,6
18.06.2020;7602;128;6806;211;10,0;45,7;1,0;3,6
19.06.2020;7732;130;6850;211;12,1;53,0;1,1;3,3
20.06.2020;7803;71;6874;211;14,6;66,8;1,2;3,3
21.06.2020;7832;29;6886;211;13,7;67,4;1,1;3,3
22.06.2020;7915;83;6920;211;13,9;62,3;1,1;3,1
23.06.2020;7974;59;6961;211;14,8;59,1;1,0;2,8
24.06.2020;8020;46;7032;212;14,7;53,2;1,2;2,7
25.06.2020;8095;75;7081;212;13,9;44,9;1,1;2,6
26.06.2020;8144;49;7125;213;12,1;33,2;1,6;2,4
27.06.2020;8167;23;7196;213;9,6;18,3;1,5;2,3
28.06.2020;8175;8;7217;213;9,1;7,6;1,5;2,4
29.06.2020;8219;44;7272;214;8,6;-2,1;1,4;2,5
30.06.2020;8242;23;7349;214;8,3;-11,1;1,6;2,7
01.07.2020;8301;59;7433;214;7,3;-20,1;1,6;2,0
02.07.2020;8344;43;7515;214;7,0;-29,1;1,6;1,7
03.07.2020;8392;48;7612;214;6,9;-35,4;1,7;2,4
04.07.2020;8433;41;7646;215;6,8;-37,7;1,6;2,3
05.07.2020;8450;17;7670;215;7,2;-40,1;1,7;2,3
06.07.2020;8461;11;7738;215;7,2;-41,1;1,7;2,4
07.07.2020;8501;40;7778;215;6,7;-39,2;1,7;2,2
08.07.2020;8536;35;7828;216;6,7;-34,0;1,4;2,1
09.07.2020;8585;49;7896;216;6,8;-25,7;1,5;1,5
10.07.2020;8616;31;7938;216;6,1;-19,2;0,9;1,3
11.07.2020;8636;20;7967;217;5,9;-17,4;0,8;1,2
12.07.2020;8637;1;7995;217;5,2;-17,2;0,9;1,8
13.07.2020;8655;18;8036;219;5,2;-16,9;1,0;1,7
14.07.2020;8673;18;8069;220;5,0;-16,6;0,6;1,2
15.07.2020;8698;25;8114;221;4,7;-18,7;0,5;1,3
16.07.2020;8724;26;8169;221;4,0;-22,6;0,5;1,2
17.07.2020;8747;23;8199;221;3,6;-27,1;0,4;1,5
18.07.2020;8773;26;8235;221;3,2;-31,7;0,4;1,5
19.07.2020;8778;5;8250;221;3,6;-33,4;0,4;1,5
20.07.2020;8801;23;8283;221;3,6;-33,9;0,5;1,5
21.07.2020;8836;35;8312;222;3,7;-34,5;0,5;1,5
22.07.2020;8859;23;8356;222;3,9;-32,8;0,6;1,5
23.07.2020;8893;34;8386;222;4,0;-28,1;0,7;1,6
24.07.2020;8956;63;8418;223;4,8;-20,2;0,7;1,6
25.07.2020;8990;34;8429;223;5,9;-4,4;0,8;1,6
26.07.2020;9000;10;8450;223;5,9;10,3;0,6;1,5
27.07.2020;9019;19;8482;223;6,0;25,9;0,6;1,4
28.07.2020;9070;51;8514;223;6,3;40,7;0,6;1,5
29.07.2020;9149;79;8542;223;7,1;56,1;0,7;1,5
30.07.2020;9191;42;8572;223;8,2;70,0;0,7;1,2
31.07.2020;9273;82;8590;223;8,3;73,5;0,7;1,1
01.08.2020;9318;45;8627;223;8,7;71,6;0,7;1,2
02.08.2020;9327;9;8658;223;9,1;69,6;0,7;1,4
03.08.2020;9366;39;8705;223;9,1;62,8;0,7;1,4
04.08.2020;9398;32;8748;223;9,2;55,0;0,7;1,5
05.08.2020;9489;91;8800;224;9,0;45,7;0,6;1,2
06.08.2020;9542;53;8857;224;9,0;36,0;0,5;1,2
07.08.2020;9639;97;8888;224;9,9;31,5;0,4;1,2
08.08.2020;9687;48;8908;224;10,7;31,2;0,4;1,1
09.08.2020;9697;10;8936;224;10,3;27,4;0,4;1,1
10.08.2020;9739;42;8984;224;10,4;23,0;0,4;1,1
11.08.2020;9850;111;9035;224;11,7;21,7;0,4;1,1
12.08.2020;9975;125;9088;224;13,0;24,1;0,5;1,1
13.08.2020;10106;131;9132;224;15,1;32,9;0,6;1,1
14.08.2020;10195;89;9193;224;15,2;38,8;0,5;1,0
15.08.2020;10237;42;9239;224;14,5;39,7;0,5;1,2
16.08.2020;10252;15;9273;224;14,8;40,3;0,5;1,1
17.08.2020;10318;66;9322;224;14,8;38,2;0,5;1,1
18.08.2020;10393;75;9376;224;14,9;35,3;0,5;1,2
19.08.2020;10462;69;9442;224;14,1;29,2;0,5;1,2
20.08.2020;10542;80;9513;226;12,1;19,2;0,5;1,2
21.08.2020;10654;112;9609;226;12,7;12,6;0,7;1,2
22.08.2020;10716;62;9660;226;12,8;7,5;0,7;1,2
23.08.2020;10727;11;9721;226;12,7;1,6;0,7;1,1
24.08.2020;10785;58;9806;226;12,7;-4,3;0,8;1,4
25.08.2020;10851;66;9875;226;12,6;-8,9;0,7;1,5
26.08.2020;10933;82;9972;226;12,4;-12,0;0,7;1,6
27.08.2020;11010;77;10051;226;13,2;-10,9;0,6;1,5
28.08.2020;11124;114;10129;226;12,2;-10,2;0,6;1,5
29.08.2020;11182;58;10185;226;12,9;-9,1;0,6;1,5
30.08.2020;11188;6;10220;226;13,0;-6,7;0,6;1,4
31.08.2020;11265;77;10312;226;13,1;-3,7;0,6;0,9
01.09.2020;11346;81;10387;226;14,0;1,4;0,7;1,0
02.09.2020;11430;84;10440;226;13,9;5,3;0,7;1,1
03.09.2020;11528;98;10507;226;13,6;5,1;0,7;1,0
04.09.2020;11622;94;10566;226;13,7;5,7;0,6;0,9
05.09.2020;11702;80;10610;226;14,1;6,8;0,5;0,9
06.09.2020;11726;24;10662;226;14,4;8,1;0,6;0,9
07.09.2020;11791;65;10740;226;14,4;8,7;0,6;1,2
08.09.2020;11878;87;10833;226;14,5;8,8;0,6;1,1
09.09.2020;11950;72;10931;226;14,3;7,8;0,5;1,0
10.09.2020;12089;139;11012;226;15,0;8,9;0,5;1,1
11.09.2020;12215;126;11078;226;16,8;10,7;0,6;1,2
12.09.2020;12253;38;11124;226;15,9;11,1;0,6;1,1
13.09.2020;12268;15;11178;226;15,8;10,8;0,6;1,3
14.09.2020;12353;85;11272;226;15,9;10,2;0,7;1,1
15.09.2020;12462;109;11367;227;15,0;9,0;0,6;1,3
16.09.2020;12592;130;11450;227;16,6;9,9;0,5;1,1
17.09.2020;12732;140;11532;227;18,2;12,1;0,6;1,1
18.09.2020;12918;186;11608;227;19,1;14,8;0,7;1,2
19.09.2020;13064;146;11667;227;21,9;21,2;0,7;1,2
20.09.2020;13108;44;11724;227;22,3;26,7;0,7;1,3
21.09.2020;13256;148;11827;227;22,9;30,6;0,8;1,6
22.09.2020;13373;117;11843;228;25,4;36,4;0,8;1,4
23.09.2020;13572;199;11935;228;26,9;40,8;0,9;1,4
24.09.2020;13810;238;12061;228;27,1;43,0;1,0;1,6
25.09.2020;13969;159;12176;228;28,6;46,7;1,1;1,9
26.09.2020;14112;143;12242;228;29,0;46,4;1,2;1,6
27.09.2020;14195;83;12307;228;29,7;44,4;1,2;1,8
28.09.2020;14326;131;12457;228;29,7;40,3;1,4;2,1
29.09.2020;14499;173;12595;228;30,0;34,1;1,6;2,4
30.09.2020;14787;288;12751;228;31,3;29,7;1,6;2,6
01.10.2020;15031;244;12888;229;33,8;27,8;1,9;2,7
02.10.2020;15370;339;13060;231;36,1;27,1;1,8;3,1
03.10.2020;15573;203;13168;231;39,7;30,1;2,1;3,2
04.10.2020;15647;74;13270;231;40,1;31,0;2,2;3,1
05.10.2020;15948;301;13447;231;42,3;32,0;2,3;3,1
06.10.2020;16236;288;13601;231;45,3;35,0;2,6;3,3
07.10.2020;16614;378;13787;232;48,1;38,8;2,9;3,4
08.10.2020;17112;498;13965;233;54,0;44,5;2,9;3,0
09.10.2020;17555;443;14180;234;57,9;50,4;3,0;3,1
10.10.2020;17828;273;14302;234;62,3;55,6;3,0;3,1
11.10.2020;18075;247;14407;234;64,4;57,7;3,2;3,5
12.10.2020;18327;252;14652;234;65,4;56,1;3,3;3,8
13.10.2020;19033;706;14881;236;73,0;56,6;4,0;4,5
14.10.2020;19536;503;15126;236;78,1;56,8;4,4;4,6
15.10.2020;20087;551;15391;238;80,6;55,5;4,8;4,8
16.10.2020;20763;676;15708;239;86,8;55,2;5,3;4,8
17.10.2020;21126;363;15894;239;90,2;54,3;5,1;5,3
18.10.2020;21428;302;16104;241;90,0;49,9;5,3;5,3
19.10.2020;21904;476;16418;241;91,3;44,7;5,7;6,4
20.10.2020;22726;822;16759;243;96,4;40,8;5,7;6,7
21.10.2020;23697;971;17107;243;107,1;39,9;6,3;7,3
22.10.2020;24480;783;17442;245;113,1;40,1;6,8;7,8
23.10.2020;25373;893;17816;248;119,0;40,6;7,8;9,0
24.10.2020;25788;415;18075;249;127,1;42,1;8,0;9,0
25.10.2020;26092;304;18281;250;130,3;41,8;8,0;9,2
26.10.2020;27023;931;18698;251;134,0;40,0;8,9;9,8
27.10.2020;28063;1040;19063;251;140,6;39,6;9,9;11,6
28.10.2020;29224;1161;19437;253;146,6;39,4;11,2;12,2
29.10.2020;30355;1131;19868;253;159,8;40,7;11,2;12,2
30.10.2020;31439;1084;20302;255;163,9;41,3;11,7;13,5
31.10.2020;32230;791;20587;261;168,0;40,7;12,6;13,9
01.11.2020;32592;362;20839;261;169,8;38,1;12,9;13,7
02.11.2020;33305;713;21330;261;170,7;33,9;14,5;17,1
03.11.2020;34818;1513;21850;265;181,4;31,3;15,4;18,2
04.11.2020;35966;1148;22417;272;187,1;29,6;15,8;19,1
05.11.2020;37353;1387;23001;287;185,6;27,0;16,0;19,5
06.11.2020;38682;1329;23652;292;192,5;25,1;15,5;19,2
07.11.2020;39379;697;24025;294;195,1;23,4;16,0;20,0
08.11.2020;39620;241;24368;295;196,7;21,1;16,1;20,3
09.11.2020;40460;840;25044;301;194,8;18,0;16,0;21,4
10.11.2020;42014;1554;25767;313;196,1;15,2;14,9;21,7
11.11.2020;43146;1132;26502;321;195,4;12,3;14,1;21,4
12.11.2020;45106;1960;27344;333;207,5;11,9;14,5;21,7
13.11.2020;46434;1328;28130;348;214,6;12,1;14,3;22,0
14.11.2020;47265;831;28585;358;220,7;12,7;14,0;22,0
15.11.2020;47697;432;28976;362;222,0;12,6;14,0;22,1
16.11.2020;49034;1337;29927;371;230,0;12,7;13,5;23,2
17.11.2020;50606;1572;30940;393;234,3;13,6;13,5;23,8
18.11.2020;52063;1457;31806;401;244,5;15,4;13,0;23,4
19.11.2020;53314;1251;32827;422;235,3;14,9;13,6;23,4
20.11.2020;55017;1703;33850;441;232,1;14,0;13,4;24,3
21.11.2020;56068;1051;34460;447;234,2;13,1;12,9;24,0
22.11.2020;56504;436;34883;449;234,3;11,9;13,1;23,8
23.11.2020;57309;805;35963;456;229,0;9,5;13,1;24,2
24.11.2020;58924;1615;37097;492;228,5;6,9;13,5;24,7
25.11.2020;60554;1630;38449;508;223,2;3,5;13,5;24,2
26.11.2020;61664;1110;39578;527;221,0;0,9;13,8;23,5
27.11.2020;63064;1400;40762;539;217,5;-1,5;14,2;25,3
28.11.2020;63888;824;41421;550;213,1;-3,7;14,0;24,2
29.11.2020;64220;332;42014;553;213,9;-5,5;14,5;25,2
30.11.2020;65145;925;43409;565;210,6;-6,8;13,8;24,5
01.12.2020;66306;1161;44873;594;199,1;-8,4;14,2;24,0
02.12.2020;67264;958;46150;618;188,2;-9,5;14,4;24,5
03.12.2020;68508;1244;47474;641;185,5;-11,0;14,2;24,8
04.12.2020;69768;1260;48747;657;187,6;-12,1;14,4;25,9
05.12.2020;71088;1320;49406;679;191,5;-12,1;14,7;26,6
06.12.2020;71443;355;49816;683;189,9;-11,7;14,4;24,5
07.12.2020;72083;640;51266;699;191,6;-11,1;15,1;27,3
08.12.2020;73431;1348;52666;732;195,5;-9,6;15,6;26,6
09.12.2020;74554;1123;54170;749;198,6;-7,8;16,1;27,6
10.12.2020;76210;1656;55660;768;205,8;-5,0;16,5;27,8
11.12.2020;77212;1002;57042;790;206,7;-2,2;18,2;28,2
12.12.2020;78250;1038;57655;813;203,3;0,1;18,1;27,5
13.12.2020;78798;548;58284;821;204,3;2,8;17,6;27,4
14.12.2020;79806;1008;59579;846;203,6;5,1;17,8;28,0
15.12.2020;80935;1129;60920;899;209,1;6,7;17,4;29,2
16.12.2020;82218;1283;62047;928;208,8;6,8;18,8;29,8
17.12.2020;83691;1473;63341;958;212,7;6,6;19,7;30,1
18.12.2020;85236;1545;64698;984;218,9;6,8;20,5;29,8
19.12.2020;86561;1325;65350;1001;224,6;7,7;22,2;29,9
20.12.2020;87077;516;65907;1007;225,6;7,9;22,9;29,0
21.12.2020;88030;953;67133;1024;226,6;7,8;22,4;28,0
22.12.2020;89534;1504;68430;1066;227,9;7,8;21,3;30,4
23.12.2020;91127;1593;69633;1105;234,8;8,3;20,9;29,8
24.12.2020;92079;952;70815;1116;235,1;9,1;21,4;30,6
25.12.2020;92357;278;71944;1118;205,9;6,6;18,4;31,3
26.12.2020;92992;635;72526;1128;168,9;0,6;19,2;32,2
27.12.2020;93807;815;72869;1149;174,0;-4,0;20,0;32,7
28.12.2020;94453;646;73919;1172;177,9;-7,9;20,5;32,0
29.12.2020;95740;1287;75069;1213;166,5;-11,7;20,9;34,0
30.12.2020;96799;1059;76250;1247;160,0;-15,7;19,4;33,7
31.12.2020;97442;643;77560;1271;145,7;-20,0;18,2;34,0
01.01.2021;97649;207;78633;1277;142,9;-23,4;17,6;33,8
02.01.2021;98109;460;79050;1285;145,4;-25,5;15,9;34,9
03.01.2021;98765;656;79465;1305;139,7;-27,2;16,5;34,5
04.01.2021;99536;771;80661;1327;139,0;-27,9;16,2;35,0
05.01.2021;100771;1235;82025;1390;134,9;-27,5;19,6;35,2
06.01.2021;102077;1306;83245;1445;133,9;-24,7;23,5;34,6
07.01.2021;103646;1569;84517;1487;142,6;-18,6;24,2;34,7
08.01.2021;105125;1479;85603;1547;173,7;-10,2;25,0;33,9
09.01.2021;105857;732;86233;1560;200,7;-1,8;27,6;33,2
10.01.2021;106197;340;86762;1565;199,0;7,7;27,0;33,0
11.01.2021;107233;1036;88187;1591;192,1;16,6;26,5;32,5
12.01.2021;108303;1070;89399;1635;201,4;24,4;25,8;32,5
13.01.2021;109525;1222;90827;1711;201,3;29,4;28,8;32,3
14.01.2021;110747;1222;92100;1755;196,0;29,4;34,1;32,5
15.01.2021;111737;990;93262;1800;178,9;25,3;34,4;32,1
16.01.2021;112232;495;93823;1822;168,4;20,1;34,1;30,6
17.01.2021;112516;284;94362;1833;165,1;14,0;33,6;30,5
18.01.2021;113060;544;95722;1860;164,0;8,1;35,3;30,4
19.01.2021;113884;824;96921;1918;145,0;-0,1;31,3;30,5
20.01.2021;114616;732;98289;1957;137,4;-8,8;28,0;30,3
21.01.2021;115517;901;99213;1996;128,8;-17,1;27,5;30,5
22.01.2021;116132;615;99898;2021;119,5;-22,8;27,3;30,6
23.01.2021;116595;463;100793;2039;113,6;-25,8;24,4;30,5
24.01.2021;116755;160;101249;2040;112,9;-28,1;24,4;30,5
25.01.2021;117124;369;102144;2067;109,8;-30,5;23,7;30,5
26.01.2021;117557;433;103004;2101;108,6;-31,0;24,1;30,3
27.01.2021;118447;890;103847;2164;103,2;-30,5;22,0;30,1
28.01.2021;118950;503;104508;2195;97,3;-29,2;16,7;29,7
29.01.2021;119506;556;105113;2235;92,5;-28,9;16,1;28,7
30.01.2021;119797;291;105676;2264;88,6;-28,8;16,4;28,1
31.01.2021;119937;140;106105;2276;86,1;-27,8;15,3;27,3
01.02.2021;120392;455;106870;2293;86,1;-24,8;13,9;28,4
02.02.2021;120745;353;107744;2326;86,5;-23,0;14,5;27,2
03.02.2021;121389;644;108665;2374;81,5;-21,5;13,7;28,0
04.02.2021;121873;484;109612;2418;77,2;-20,8;13,0;27,6
05.02.2021;122225;352;110517;2453;75,8;-20,7;12,6;25,7
06.02.2021;122447;222;110882;2466;72,4;-21,3;12,2;25,6
07.02.2021;122603;156;111168;2470;72,9;-20,9;11,6;25,1
08.02.2021;122887;284;112038;2485;72,1;-20,0;11,2;24,8
09.02.2021;123189;302;112810;2506;66,6;-19,0;11,0;24,6
10.02.2021;123735;546;113476;2556;65,4;-18,2;9,7;24,7
11.02.2021;124131;396;114151;2573;63,6;-17,9;10,2;24,1
12.02.2021;124515;384;114823;2597;62,3;-18,0;9,7;22,7
13.02.2021;124719;204;115124;2605;60,9;-18,4;9,5;21,9
14.02.2021;124790;71;115319;2609;58,2;-19,2;9,6;21,2
15.02.2021;124986;196;115860;2620;58,4;-18,9;8,8;21,9
16.02.2021;125282;296;116574;2645;57,2;-17,6;9,9;21,2
17.02.2021;125726;444;117150;2670;54,8;-17,1;9,5;20,5
18.02.2021;126201;475;117598;2702;55,6;-16,6;8,9;21,1
19.02.2021;126573;372;118114;2720;55,6;-15,7;9,1;21,6
20.02.2021;126825;252;118433;2727;56,6;-14,6;8,8;20,7
21.02.2021;126898;73;118635;2728;58,7;-11,8;9,1;19,5
22.02.2021;127185;287;119125;2740;58,1;-8,5;9,3;19,4
23.02.2021;127453;268;119507;2766;59,4;-5,9;8,9;19,1
24.02.2021;127936;483;119920;2781;62,2;-2,3;9,0;18,4
25.02.2021;128446;510;120264;2805;63,1;1,3;7,9;18,1
26.02.2021;128943;497;120638;2814;65,1;5,2;8,8;17,8
27.02.2021;129254;311;120863;2818;68,0;9,4;8,6;17,4
28.02.2021;129357;103;121051;2818;66,8;11,5;9,3;16,9
01.03.2021;129599;242;121539;2825;67,3;13,3;8,9;17,6
02.03.2021;130081;482;121899;2850;69,7;14,9;8,0;18,1
03.03.2021;130528;447;122334;2862;70,4;15,0;7,3;18,1
04.03.2021;131136;608;122762;2874;71,4;14,9;6,9;18,6
05.03.2021;131551;415;123194;2889;70,9;13,7;7,1;17,8
06.03.2021;131864;313;123503;2892;69,9;11,9;7,0;17,1
07.03.2021;131974;110;123661;2894;70,9;10,7;6,9;17,7
08.03.2021;132062;88;124027;2895;72,5;9,3;6,9;18,0
09.03.2021;132349;287;124463;2902;60,7;4,1;7,1;17,5
10.03.2021;132838;489;124886;2918;60,0;0,0;7,2;17,1
11.03.2021;133391;553;125314;2928;62,4;-3,0;7,5;16,1
12.03.2021;134035;644;125756;2933;68,7;-3,5;6,3;16,9
13.03.2021;134543;508;126006;2934;75,3;-1,4;6,3;16,7
14.03.2021;134751;208;126185;2934;78,0;1,0;6,2;16,9
15.03.2021;135117;366;126617;2942;77,4;2,8;8,0;16,0
16.03.2021;135779;662;127046;2947;93,9;10,5;8,0;17,3
17.03.2021;136409;630;127490;2956;98,4;19,1;8,5;16,8
18.03.2021;137038;629;127871;2967;102,4;27,7;8,8;16,5
19.03.2021;137932;894;128306;2985;104,6;34,6;8,5;16,4
20.03.2021;138218;286;128612;2991;103,2;37,7;8,8;15,0
21.03.2021;138437;219;128850;2992;102,9;38,6;9,0;15,8
22.03.2021;138982;545;129295;2998;103,2;38,3;8,5;16,6
23.03.2021;139733;751;129833;3011;108,8;34,9;9,8;16,8
24.03.2021;141001;1268;130405;3023;119,6;33,0;10,3;17,1
25.03.2021;142007;1006;130911;3026;126,3;31,4;10,4;18,0
26.03.2021;142980;973;131497;3030;131,2;30,5;11,4;18,3
27.03.2021;143715;735;131876;3036;140,7;31,5;11,8;18,4
28.03.2021;144011;296;132170;3039;146,5;32,0;11,1;17,8
29.03.2021;144586;575;132801;3043;147,0;30,0;9,0;18,9
30.03.2021;145249;663;133313;3047;144,3;29,0;10,2;19,3
31.03.2021;146261;1012;133933;3055;142,1;27,0;10,6;20,2
01.04.2021;147466;1205;134566;3071;145,1;25,4;10,4;19,8
02.04.2021;147950;484;135137;3081;144,5;23,1;10,0;20,0
03.04.2021;148728;778;135571;3082;127,5;16,8;10,5;20,6
04.04.2021;149037;309;135961;3086;133,2;11,7;10,5;21,2
05.04.2021;149231;194;136605;3086;135,2;6,7;11,0;21,7
06.04.2021;149832;601;137422;3090;122,6;0,5;10,2;23,7
07.04.2021;150377;545;138211;3098;113,7;-5,2;10,0;23,9
08.04.2021;151300;923;139004;3110;103,6;-10,8;10,3;23,8
09.04.2021;152319;1019;139794;3122;104,4;-15,3;10,1;24,9
10.04.2021;152962;643;140245;3123;124,2;-15,6;10,1;25,8
11.04.2021;153455;493;140528;3123;119,1;-15,3;10,3;26,3
12.04.2021;153994;539;141202;3127;117,1;-14,5;11,0;26,6
13.04.2021;154671;677;141946;3128;130,3;-11,5;10,2;27,1
14.04.2021;155998;1327;142755;3134;143,0;-6,3;10,1;26,3
15.04.2021;157020;1022;143610;3143;156,8;2,6;10,4;26,1
16.04.2021;158308;1288;144284;3147;160,7;12,6;10,8;26,0
17.04.2021;158856;548;144893;3151;156,9;17,7;10,3;26,2
18.04.2021;159257;401;145262;3150;154,1;22,2;10,3;26,2
19.04.2021;159720;463;145969;3153;154,4;26,0;11,0;26,3
20.04.2021;160479;759;146833;3163;155,2;26,5;10,7;26,9
21.04.2021;161645;1166;147657;3169;153,6;24,1;10,6;27,3
22.04.2021;162780;1135;148683;3175;148,8;18,6;10,7;27,9
23.04.2021;163621;841;149639;3180;143,5;12,1;10,2;27,2
24.04.2021;164106;485;150213;3187;140,1;8,0;10,3;27,1
25.04.2021;164304;198;150567;3188;141,3;3,3;10,3;27,1
26.04.2021;165097;793;151493;3193;140,9;-1,9;11,0;27,2
27.04.2021;166048;951;152292;3201;143,3;-5,3;10,5;27,1
28.04.2021;167101;1053;153233;3210;141,9;-7,3;10,2;26,4
29.04.2021;167843;742;154101;3210;136,9;-7,8;9,6;25,9
30.04.2021;168459;616;154947;3213;133,7;-7,9;9,7;25,8
01.05.2021;168958;499;155563;3214;130,0;-8,4;9,4;26,1
02.05.2021;169015;57;155965;3216;124,2;-9,6;9,1;25,8
03.05.2021;169565;550;156673;3228;122,3;-10,4;9,0;26,0
04.05.2021;170295;730;157536;3233;116,1;-11,2;8,2;24,7
05.05.2021;171145;850;158604;3242;110,9;-12,2;7,9;24,5
06.05.2021;171741;596;159448;3255;107,3;-13,6;6,8;24,0
07.05.2021;172333;592;160337;3266;102,5;-15,7;6,7;24,6
08.05.2021;172651;318;160812;3302;100,6;-17,9;6,2;24,4
09.05.2021;172730;79;161136;3302;99,9;-19,3;6,2;23,9
10.05.2021;173196;466;162039;3306;99,9;-20,1;5,6;23,7
11.05.2021;173706;510;162864;3319;96,0;-20,1;5,6;22,2
12.05.2021;174413;707;163709;3325;88,5;-20,3;5,5;21,2
13.05.2021;174568;155;164363;3396;86,4;-20,5;5,7;20,5
14.05.2021;175023;455;165019;3399;73,5;-21,8;5,3;20,1
15.05.2021;175196;173;165439;3399;68,8;-23,3;5,7;20,1
16.05.2021;175287;91;165713;3399;68,3;-24,5;5,6;19,9
17.05.2021;175657;370;166410;3403;68,6;-24,9;5,2;20,0
18.05.2021;176039;382;167030;3412;64,7;-25,7;5,2;19,1
19.05.2021;176501;462;167715;3416;63,6;-26,5;4,7;18,4
20.05.2021;176757;256;168303;3422;57,1;-27,9;5,3;17,8
21.05.2021;177038;281;168885;3429;60,5;-28,6;5,0;17,1
22.05.2021;177184;146;169166;3438;57,3;-29,2;5,0;16,0
23.05.2021;177234;50;169366;3439;55,3;-28,8;5,1;16,2
24.05.2021;177310;76;169849;3440;55,1;-26,6;4,4;16,0
25.05.2021;177541;231;170297;3454;46,0;-25,4;3,7;15,5
26.05.2021;177661;120;170739;3460;39,7;-25,8;3,4;14,9
27.05.2021;177942;281;171028;3465;35,9;-25,7;3,0;13,9
28.05.2021;178227;285;171356;3482;36,3;-27,7;2,9;13,2
29.05.2021;178205;-22;171515;3481;34,2;-30,5;2,5;12,7
30.05.2021;178223;18;171673;3481;33,1;-32,6;2,5;12,8
31.05.2021;178365;142;172071;3485;32,6;-33,5;2,4;12,2
01.06.2021;178561;196;172392;3497;35,9;-33,4;2,3;12,2
02.06.2021;178753;192;172702;3499;34,1;-32,6;2,0;11,6
03.06.2021;178935;182;172935;3502;31,9;-33,5;1,7;11,7
04.06.2021;179094;159;173217;3506;30,8;-31,5;1,6;11,1
05.06.2021;179121;27;173310;3505;28,3;-29,5;1,7;10,9
06.06.2021;179128;7;273409;3506;27,4;-26,3;1,7;11,6
07.06.2021;179232;104;173569;3510;27,3;-20,3;1,8;10,5
08.06.2021;179349;117;173821;3512;25,0;-17,9;1,8;10,0
09.06.2021;179470;121;174050;3513;23,3;-18,5;1,7;9,6
10.06.2021;179560;90;174249;3517;20,7;-21,5;2,0;8,9
11.06.2021;179661;101;174476;3518;17,5;-24,8;1,8;8,3
12.06.2021;179687;26;174598;3517;15,7;-29,1;1,8;8,2
13.06.2021;179693;6;174654;3517;15,3;-33,3;1,8;7,9
14.06.2021;179750;57;174836;3520;15,3;-37,2;1,4;7,6
15.06.2021;179772;22;174976;3529;13,8;-38,4;1,3;7,9
16.06.2021;179835;63;175132;3535;12,3;-39,8;1,3;8,0
17.06.2021;179824;-11;175213;3541;10,9;-41,8;1,2;7,6
18.06.2021;179872;48;175336;3545;8,8;-43,9;1,3;7,3
19.06.2021;179887;15;175394;3545;7,8;-46,8;1,1;7,4
20.06.2021;179888;1;175434;3545;7,9;-48,8;0,9;7,4
21.06.2021;179929;41;175514;3545;7,8;-48,6;0,8;6,9
22.06.2021;179995;66;175604;3547;7,6;-47,7;0,8;5,5
23.06.2021;180032;37;175697;3548;7,2;-45,6;0,8;4,6
24.06.2021;180087;55;175814;3552;6,9;-43,6;0,8;5,6
25.06.2021;180112;25;175870;3556;7,4;-42,6;0,8;5,8
26.06.2021;180118;6;175896;3556;7,1;-41,9;0,8;5,8
27.06.2021;180118;0;175914;3556;6,9;-39,6;0,8;5,8
28.06.2021;180140;22;175959;3557;6,9;-33,4;0,8;4,2
29.06.2021;180166;26;176012;3559;6,4;-26,7;0,8;5,1
30.06.2021;180212;46;176088;3560;6,4;-19,8;0,8;4,8
01.07.2021;180228;16;176179;3560;6,0;-14,6;0,8;4,1
02.07.2021;180266;38;176234;3559;5,7;-14,0;0,9;4,7
03.07.2021;180268;2;176264;3559;5,6;-15,6;0,9;4,6
04.07.2021;180271;3;176284;3559;5,5;-16,4;0,9;4,5
05.07.2021;180324;53;176334;3561;5,5;-16,6;0,9;4,2
06.07.2021;180381;57;176375;3562;6,4;-13,8;0,9;4,3
07.07.2021;180433;52;176420;3563;6,8;-10,5;0,8;4,1
08.07.2021;180492;59;176444;3563;7,3;-6,4;0,6;4,2
09.07.2021;180549;57;176488;3564;7,6;1,1;0,7;4,3
10.07.2021;180551;2;176503;3564;8,4;10,8;0,7;4,3
11.07.2021;180551;0;176520;3564;8,5;19,4;0,7;4,3
12.07.2021;180646;95;176577;3565;8,4;26,4;0,7;3,7
13.07.2021;180745;99;176609;3565;9,3;33,6;0,6;3,8
14.07.2021;180882;137;176648;3568;10,8;44,9;0,5;3,7
15.07.2021;181014;132;176691;3568;12,9;59,4;0,4;3,4
16.07.2021;181146;132;176804;3570;15,3;77,4;0,5;3,8
17.07.2021;;;;;17,4;94,4;0,5;
18.07.2021;;;;;17,7;98,2;0,5;
19.07.2021;181339;;176866;3574;17,7;92,0;0,5;3,4
20.07.2021;181590;251;176914;3576;20,8;94,6;0,5;3,3
21.07.2021;181429;-161;176646;3576;22,9;96,5;0,6;3,6
22.07.2021;181528;99;176707;3577;24,0;94,2;0,6;3,8
23.07.2021;181683;155;176716;3578;24,1;86,0;0,6;3,5
24.07.2021;181700;17;176786;3578;25,0;77,7;0,5;
25.07.2021;181711;11;176852;3578;25,2;67,4;0,5;
26.07.2021;181970;259;176983;3581;25,4;56,0;0,6;3,5
27.07.2021;182167;197;177103;3581;26,3;46,3;0,8;3,6
28.07.2021;182340;173;177235;3581;26,7;37,9;0,8;3,5
29.07.2021;182553;213;177331;3582;27,6;31,9;0,8;3,5
30.07.2021;182690;137;177462;3583;29,5;29,2;0,6;3,4
31.07.2021;182723;33;177549;3583;29,8;27,1;0,6;
01.08.2021;182740;17;177625;3583;29,7;23,8;0,6;
02.08.2021;183003;263;177808;3583;29,9;19,3;1,0;3,6
03.08.2021;183273;270;177904;3583;30,9;17,5;1,1;3,7
04.08.2021;183580;307;178011;3585;33,1;18,4;1,1;3,7
05.08.2021;183869;289;178116;3585;36,4;21,8;1,2;4,0
06.08.2021;184107;238;178164;3585;38,0;24,9;1,3;3,9
07.08.2021;184179;72;178256;3585;39,2;27,8;1,3;
08.08.2021;184200;21;178367;3585;40,5;29,8;1,3;
09.08.2021;184580;380;178542;3585;41,3;30,5;1,5;3,6
10.08.2021;184946;366;178679;3585;45,9;33,6;1,3;3,6
11.08.2021;185304;358;178814;3585;50,3;38,0;1,7;4,7
12.08.2021;185777;473;178937;3586;55,2;43,6;1,7;4,4
13.08.2021;186392;615;179084;3587;60,4;50,8;1,9;4,4
14.08.2021;186518;126;179195;3587;66,2;58,0;1,9;
15.08.2021;186531;13;179311;3587;67,2;60,1;1,9;
16.08.2021;187125;594;179476;3587;67,4;57,5;2,1;3,6
17.08.2021;187677;552;179656;3587;72,5;55,8;2,0;5,0
18.08.2021;188187;510;179850;3588;75,3;53,4;2,3;4,8
19.08.2021;188662;475;180050;3588;75,3;49,7;2,3;5,0
20.08.2021;189005;343;180246;3587;74,9;44,3;2,3;5,3
21.08.2021;189100;95;180385;3587;75,5;38,4;2,3;
22.08.2021;189142;42;180534;3588;75,2;31,8;2,3;
23.08.2021;189787;645;180786;3592;74,9;24,7;2,0;5,3
24.08.2021;190258;471;181027;3595;74,2;18,3;2,3;4,8
25.08.2021;190949;691;181286;3597;76,0;13,5;2,1;4,5
26.08.2021;191295;346;181317;3591;79,4;10,6;2,3;4,7
27.08.2021;191709;414;181609;3592;81,2;9,0;2,2;4,6
28.08.2021;191788;79;181759;3592;80,9;8,3;2,2;
29.08.2021;191802;14;181957;3592;81,2;7,5;2,2;
30.08.2021;192388;586;182320;3593;81,6;6,2;2,4;4,8
31.08.2021;193297;909;182613;3593;82,9;6,4;2,5;4,9
01.09.2021;194033;736;182987;3593;87,9;8,3;2,2;5,4
02.09.2021;194566;533;183295;3595;89,0;10,0;2,3;5,4
03.09.2021;194979;413;183609;3596;88,3;10,7;2,7;6,0
04.09.2021;195116;137;183869;3596;89,2;11,3;2,7;
05.09.2021;195133;17;184110;3596;90,3;11,4;2,7;
06.09.2021;195991;858;184588;3597;90,0;10,8;3,1;7,5
07.09.2021;196539;548;185046;3598;91,5;9,8;2,8;7,1
08.09.2021;197290;751;185571;3599;87,7;7,8;3,0;7,1
09.09.2021;197831;541;186004;3602;87,7;6,3;2,8;7,5
10.09.2021;198289;458;186455;3602;90,5;5,8;2,6;7,6
11.09.2021;198476;187;186738;3602;92,3;5,4;2,6;
12.09.2021;198494;18;187013;3602;91,1;4,3;2,6;
13.09.2021;199255;761;187587;3607;90,4;2,9;2,6;7,3
14.09.2021;199910;655;188139;3609;90,5;1,5;2,6;7,5
15.09.2021;200595;685;188691;3611;89,7;1,0;2,7;7,7
16.09.2021;201087;492;189129;3615;88,9;0,6;2,6;7,6
17.09.2021;201444;357;189655;3616;85,9;-0,7;2,4;7,4
18.09.2021;201558;114;189945;3616;82,4;-2,4;2,4;
19.09.2021;201564;6;190207;3616;82,2;-3,7;2,4;
20.09.2021;202211;647;190785;3619;82,1;-4,8;2,6;8,3
21.09.2021;202640;429;191314;3620;78,6;-5,9;2,6;7,9
22.09.2021;203247;607;191910;3621;75,3;-8,4;2,5;8,3
23.09.2021;203697;450;192399;3622;73,4;-10,8;2,5;8,1
24.09.2021;204119;422;192910;3624;71,9;-12,6;3,0;8,1
25.09.2021;204231;112;193173;3624;73,1;-13,0;3,0;
26.09.2021;204248;17;193401;3624;72,7;-13,3;3,0;
27.09.2021;204580;332;193958;3625;73,1;-13,1;2,7;8,3
28.09.2021;205236;656;194580;3625;73,2;-12,2;2,8;8,6
29.09.2021;205871;635;195081;3625;75,3;-10,3;3,0;8,9
30.09.2021;206535;664;195511;3627;78,5;-7,1;2,8;8,8
01.10.2021;207056;521;195993;3628;80,8;-3,5;2,7;9,3
02.10.2021;207123;67;196241;3628;81,1;-0,6;2,7;
03.10.2021;207147;24;196423;3628;81,1;2,5;2,7;
04.10.2021;207806;659;196995;3631;82,0;5,8;2,6;8,1
05.10.2021;208390;584;197544;3635;82,5;8,2;2,9;8,3
06.10.2021;209139;749;198061;3641;84,7;9,8;2,8;8,3
07.10.2021;209655;516;198555;3646;82,1;9,7;2,9;7,9
08.10.2021;210100;445;199117;3647;82,9;8,9;2,5;8,3
09.10.2021;210240;140;199410;3647;84,2;8,5;2,5;
10.10.2021;210265;25;199685;3647;85,4;7,8;2,5;
11.10.2021;210932;667;200240;3655;84,5;6,6;2,7;8,9
12.10.2021;211630;698;200787;3657;85,9;5,3;2,6;8,3
13.10.2021;212184;554;201334;3658;87,0;4,5;2,9;9,2
14.10.2021;212883;699;201796;3663;87,6;4,3;3,1;9,4
15.10.2021;213461;578;202257;3664;87,6;4,4;3,2;9,3
16.10.2021;213589;128;202530;3664;90,1;4,9;3,2;
17.10.2021;213632;43;202814;3664;92,2;5,7;3,2;
18.10.2021;214526;894;203401;3665;93,4;6,5;3,9;9,5
19.10.2021;215350;824;203909;3667;98,6;8,4;3,9;9,2
20.10.2021;216440;1090;204462;3670;102,6;11,2;4,2;9,5
21.10.2021;217153;713;204927;3671;112,4;15,1;4,4;9,4
22.10.2021;217860;707;205454;3677;118,9;19,7;4,5;9,1
23.10.2021;218044;184;205738;3677;121,9;23,7;4,5;
24.10.2021;218111;67;206038;3677;123,5;26,6;4,5;
25.10.2021;219106;995;206615;3677;122,7;27,1;5,3;9,7
26.10.2021;220188;1082;207249;3684;124,3;26,9;5,4;9,2
27.10.2021;221335;1147;207831;3691;133,6;27,9;5,4;10,2
28.10.2021;222408;1073;208305;3700;139,8;28,7;5,7;10,9
29.10.2021;223277;869;208824;3704;146,9;29,3;6,0;11,7
30.10.2021;223455;178;209153;3704;153,6;29,9;6,0;
31.10.2021;223536;81;209485;3704;153,8;28,9;6,0;
01.11.2021;225036;1500;210117;3709;155,8;26,8;5,9;11,2
02.11.2021;226276;1240;210839;3717;164,6;25,9;6,2;11,2
03.11.2021;227801;1525;211520;3719;170,2;25,1;6,4;10,7
04.11.2021;229361;1560;212171;3729;180,6;26,3;6,5;10,9
05.11.2021;231036;1675;212808;3735;196,1;29,5;6,5;11,5
06.11.2021;231170;134;213181;3735;207,1;32,9;6,5;
07.11.2021;231257;87;213524;3735;206,9;33,8;6,5;
08.11.2021;233466;2209;214214;3740;207,3;32,4;6,7;12,4
09.11.2021;235123;1657;214876;3746;233,8;33,7;7,2;12,8
10.11.2021;237996;2873;215664;3753;251,7;36,6;6,7;12,9
11.11.2021;240181;2185;216303;3756;282,7;42,2;8,2;13,5
12.11.2021;242330;2149;217007;3759;296,9;46,9;10,0;13,7
13.11.2021;242805;475;217384;3759;315,2;51,1;10,0;
14.11.2021;242952;147;217706;3759;324,9;52,3;10,0;
15.11.2021;245545;2593;218526;3762;329,3;50,4;10,3;15,4
16.11.2021;248431;2886;219328;3767;346,5;48,9;10,5;15,6
17.11.2021;251226;2795;220146;3773;368,2;47,6;10,4;16,0
18.11.2021;253547;2321;220861;3777;372,0;44,8;11,2;16,8
19.11.2021;255945;2398;221730;3779;379,6;41,8;11,4;17,6
20.11.2021;256072;127;222206;3779;380,3;37,9;11,4;
21.11.2021;256176;104;222616;3779;375,8;32,2;11,4;
22.11.2021;259438;3262;223593;3784;375,7;25,6;12,2;18,7
23.11.2021;262305;2867;224631;3788;383,6;20,7;11,9;18,8
24.11.2021;265016;2711;225819;3795;378,3;15,8;12,2;19,6
25.11.2021;267859;2843;226799;3814;377,9;12,4;11,1;19,4
26.11.2021;270417;2558;227809;3818;382,7;9,5;9,4;19,1
27.11.2021;270963;546;228329;3823;397,6;8,2;9,4;
28.11.2021;271250;287;228740;3823;405,0;7,2;9,4;
29.11.2021;274422;3172;230060;3830;408,1;6,1;9,8;19,1
30.11.2021;276974;2552;231481;3835;399,9;4,9;9,6;19,6
01.12.2021;279518;2544;233283;3844;401,2;4,8;11,7;20,2
02.12.2021;282057;2539;234813;3849;384,9;3,7;11,0;21,0
03.12.2021;284301;2244;236192;3853;384,3;2,9;11,4;22,1
04.12.2021;284740;439;236920;3855;374,4;1,7;11,4;
05.12.2021;285048;308;237387;3855;372,5;0,2;11,4;
06.12.2021;287662;2614;239702;3867;370,9;-1,3;9,2;22,3
07.12.2021;290572;2910;241703;3877;365,9;-2,6;10,6;23,2
08.12.2021;293190;2618;244047;3886;360,6;-4,3;10,9;24,1
09.12.2021;295368;2178;246254;3904;369,8;-5,4;10,8;24,7
10.12.2021;296964;1596;248377;3922;356,1;-7,0;11,1;23,2
11.12.2021;297279;315;249389;3924;338,7;-8,3;11,1;23,3
12.12.2021;297435;156;250063;3924;331,6;-9,1;11,2;23,0
13.12.2021;300014;2579;252835;3926;327,6;-9,5;9,4;23,7
14.12.2021;302103;2089;255315;3932;326,2;-9,7;9,3;22,5
15.12.2021;304374;2271;257879;3938;319,9;-9,7;7,4;22,9
16.12.2021;306765;2391;260130;3944;310,0;-10,5;7,5;22,4
17.12.2021;309026;2261;262301;3955;319,8;-10,2;7,5;22,3
18.12.2021;309465;439;263180;3964;332,8;-9,4;7,5;23,0
19.12.2021;309708;243;263830;3964;336,4;-8,0;7,6;22,7
20.12.2021;312649;2941;266689;3969;338,0;-6,3;8,7;22,0
21.12.2021;314943;2294;269245;3976;349,3;-3,9;7,7;20,9
22.12.2021;317431;2488;272013;3986;356,9;-1,0;8,1;20,8
23.12.2021;319431;2000;274331;3988;358,8;2,7;7,3;20,0
24.12.2021;319995;564;276594;3988;344,0;4,7;6,6;19,7
25.12.2021;320046;51;277522;3988;304,1;2,9;6,7;19,5
26.12.2021;320692;646;278109;3991;309,4;1,4;6,7;19,2
27.12.2021;323149;2457;280359;3996;315,3;0,3;8,1;19,4
28.12.2021;325801;2652;282769;4002;299,2;-1,8;8,3;19,7
29.12.2021;327740;1939;284871;4010;295,7;-4,2;8,2;19,1
30.12.2021;330517;2777;287169;4016;301,4;-6,7;8,1;19,1
31.12.2021;331218;701;289166;4016;319,1;-7,6;7,2;19,0
01.01.2022;331291;73;289993;4016;330,4;-7,0;7,2;18,6
02.01.2022;331770;479;290517;4016;319,8;-6,7;7,6;18,9
03.01.2022;334966;3196;293004;4020;327,1;-5,7;9,1;18,5
04.01.2022;339192;4226;295290;4025;362,6;-1,5;9,3;18,7
05.01.2022;344635;5443;297710;4029;418,7;7,3;8,7;18,0
06.01.2022;350597;5962;299529;4032;501,6;22,8;8,9;18,2
07.01.2022;356648;6051;301111;4036;600,0;44,7;9,4;18,3
08.01.2022;358360;1712;301838;4038;733,5;73,0;9,2;18,7
09.01.2022;359417;1057;302449;4038;778,4;95,1;9,3;18,8
10.01.2022;364693;5276;304881;4043;782,2;102,4;10,6;19,1
11.01.2022;373555;8862;307182;4045;871,5;106,7;10,6;19,1
12.01.2022;381352;7797;309255;4058;949,0;107,3;11,1;17,9
13.01.2022;388590;7238;311533;4063;1012,3;104,0;11,2;18,8
14.01.2022;394659;6069;313655;4067;1032,8;95,8;13,1;18,3
15.01.2022;396904;2245;314579;4067;1045,6;84,9;13,5;18,5
16.01.2022;397124;220;315322;4067;1044,7;71,6;13,1;17,8
17.01.2022;404683;7559;318467;4067;1058,9;58,6;12,9;18,4
18.01.2022;415415;10732;321226;4072;1102,1;48,0;12,6;17,6
19.01.2022;426864;11449;323633;4073;1178,2;40,3;13,4;17,8
20.01.2022;437543;10679;325874;4077;1310,7;37,1;14,7;16,8
21.01.2022;451632;14089;327299;4082;1479,3;38,5;16,3;16,0
22.01.2022;453999;2367;328758;4084;1634,0;44,1;16,9;16,8
23.01.2022;454682;683;329602;4085;1667,6;47,1;16,8;17,2
24.01.2022;467893;13211;332355;4088;1664,6;46,0;15,6;17,5
25.01.2022;485309;17416;335148;4094;1821,8;47,8;16,8;18,0
26.01.2022;500039;14730;338042;4097;1959,7;50,9;17,9;18,7
27.01.2022;511775;11736;340632;4098;1998,3;51,9;19,1;16,3
28.01.2022;524537;12762;342518;4107;1993,2;49,8;19,5;16,5
29.01.2022;527964;3427;343670;4107;1959,5;44,8;19,6;16,2
30.01.2022;528248;284;344919;4107;1965,8;38,7;19,9;16,2
31.01.2022;540468;12220;348811;4124;1959,9;31,8;20,2;17,1
01.02.2022;553137;12669;353057;4128;1909,5;24,1;22,1;16,7
02.02.2022;570703;17566;358061;4129;1903,4;17,1;23,3;17,7
03.02.2022;584020;13317;363672;4133;1888,9;11,1;23,5;17,6
04.02.2022;593865;9845;369156;4135;1881,2;6,8;23,0;17,1
05.02.2022;595274;1409;371115;4135;1819,1;3,2;22,8;17,2
06.02.2022;596017;743;372251;4135;1792,2;-0,4;23,3;17,5
07.02.2022;605595;9578;378807;4140;1781,1;-4,2;25,2;17,5
08.02.2022;617897;12302;386119;4147;1735,8;-6,8;25,4;16,6
09.02.2022;629364;11467;393616;4159;1655,6;-8,5;25,5;15,9
10.02.2022;639528;10164;400719;4164;1590,6;-9,9;26,6;15,9
11.02.2022;644934;5406;407701;4167;1485,3;-11,9;26,3;15,5
12.02.2022;646011;1077;410361;4167;1450,6;-13,9;25,9;15,2
13.02.2022;646227;216;412095;4167;1420,4;-15,4;25,9;15,4
14.02.2022;651857;5630;420512;4168;1414,3;-16,4;26,4;15,9
15.02.2022;663388;11531;431066;4173;1369,7;-17,6;26,1;15,8
16.02.2022;671618;8230;443841;4175;1311,0;-18,7;24,8;15,3
17.02.2022;678304;6686;456776;4205;1208,5;-20,2;23,8;15,0
18.02.2022;689728;11424;469196;4212;1159,4;-21,2;23,1;15,3
19.02.2022;691966;2238;472204;4213;1152,7;-22,0;22,8;14,8
20.02.2022;692198;232;473794;4213;1172,0;-21,9;22,3;14,6
21.02.2022;700442;8244;488288;4217;1170,4;-20,7;20,6;14,1
22.02.2022;710278;9836;503574;4222;1158,9;-19,0;21,7;14,4
23.02.2022;717673;7395;517626;4227;1123,3;-17,5;20,9;13,4
24.02.2022;727069;9396;530048;4242;1153,4;-15,4;18,5;12,4
25.02.2022;734152;7083;540287;4243;1178,7;-13,5;17,5;12,9
26.02.2022;735167;1015;543221;4243;1163,2;-11,5;17,6;13,0
27.02.2022;735437;270;544499;4243;1141,3;-9,5;17,3;13,0
28.02.2022;741826;6389;556481;4245;1142,0;-6,8;16,2;12,7
01.03.2022;747610;5784;570837;4253;1086,7;-4,9;14,4;12,5
02.03.2022;754735;7125;583921;4263;1036,0;-4,3;15,8;11,4
03.03.2022;761740;7005;595857;4273;991,7;-5,7;16,7;11,1
04.03.2022;767847;6107;604358;4276;953,3;-8,0;16,1;11,3
05.03.2022;768746;899;607137;4277;925,3;-10,5;16,2;11,6
06.03.2022;769047;301;608060;4277;931,6;-12,0;16,2;11,4
07.03.2022;774622;5575;618837;4279;928,6;-13,1;18,1;11,1
08.03.2022;775247;625;630638;4281;893,3;-14,5;15,0;10,6
09.03.2022;782193;6946;641924;4288;721,8;-18,6;15,0;11,0
10.03.2022;789828;7635;651078;4294;763,3;-20,7;18,1;11,4
11.03.2022;797074;7246;658484;4296;776,6;-21,4;17,7;10,4
12.03.2022;798180;1106;660299;4297;829,5;-20,4;18,1;10,6
13.03.2022;798448;268;661092;4297;826,8;-18,9;18,2;10,2
14.03.2022;807820;9372;670122;4305;828,4;-16,1;18,4;10,4
15.03.2022;816654;8834;679297;4307;946,0;-10,8;19,7;11,4
16.03.2022;825616;8962;686532;4310;1175,4;-0,2;18,6;10,9
17.03.2022;833569;7953;693001;4315;1197,0;10,7;18,4;10,0
18.03.2022;839317;5748;699082;4319;1203,1;20,2;20,2;10,4
19.03.2022;839767;450;701147;4319;1156,2;25,9;20,4;10,1
20.03.2022;839965;198;701817;4319;1132,7;29,3;20,3;10,1
21.03.2022;846933;6968;709570;4324;1129,7;31,1;20,7;9,9
22.03.2022;858458;11525;717076;4332;1110,1;30,4;20,3;10,1
23.03.2022;867476;9018;724098;4337;1133,4;25,3;20,9;9,6
24.03.2022;875582;8106;730730;4346;1135,3;20,7;19,2;8,8
25.03.2022;882085;6503;736385;4354;1155,2;16,2;19,6;8,9
26.03.2022;883028;943;737529;4355;1177,0;12,6;19,2;9,1
27.03.2022;883280;252;738113;4355;1198,3;8,7;19,1;9,3
28.03.2022;890609;7329;744534;4363;1201,0;4,0;19,0;9,9
29.03.2022;897641;7032;751021;4369;1150,1;0,0;18,9;9,6
30.03.2022;905226;7585;757907;4381;1088,5;-1,0;18,8;9,6
31.03.2022;911783;6557;764130;4384;1035,5;-2,2;18,4;8,8
01.04.2022;917298;5515;769503;4386;970,3;-3,9;16,9;8,3
02.04.2022;917964;666;771021;4386;937,6;-6,5;17,0;8,5
03.04.2022;918215;251;771559;4386;919,6;-9,2;16,9;8,3
04.04.2022;923431;5216;777326;4392;914,7;-11,6;15,4;8,5
05.04.2022;930704;7273;778371;4396;878,6;-14,5;16,6;8,6
06.04.2022;936458;5754;786870;4402;869,8;-16,7;15,5;8,3
07.04.2022;941432;4974;793897;4406;797,5;-19,5;14,6;8,7
08.04.2022;945322;3890;801254;4407;778,1;-21,6;15,0;8,7
09.04.2022;945323;1;802766;4407;732,8;-23,2;16,4;8,3
10.04.2022;945422;99;803530;4407;728,4;-23,4;16,4;8,0
11.04.2022;949967;4545;812928;4412;729,5;-22,2;15,7;8,4
12.04.2022;955111;5144;821792;4421;698,6;-21,0;15,8;8,1
13.04.2022;959700;4589;830579;4422;647,0;-20,7;14,8;7,6
14.04.2022;963618;3918;837302;4427;635,1;-20,5;14,7;7,9
15.04.2022;963815;197;842797;4427;601,5;-21,3;14,1;7,6
16.04.2022;964134;319;843585;4427;510,8;-23,6;13,8;6,6
17.04.2022;964281;147;844242;4427;515,4;-25,0;14,0;7,0
18.04.2022;964387;106;852822;4427;515,5;-25,4;11,8;7,2
19.04.2022;968976;4589;862005;4443;404,4;-27,6;12,2;7,3
20.04.2022;973527;4551;870851;4452;393,7;-28,9;12,0;7,2
21.04.2022;976801;3274;878454;4455;384,0;-30,9;12,1;7,5
22.04.2022;979634;2833;884585;4458;378,0;-32,4;11,0;7,0
23.04.2022;979920;286;885897;4458;447,6;-32,3;9,6;7,0
24.04.2022;980012;92;886369;4458;446,3;-31,1;9,6;6,8
25.04.2022;985014;5002;893896;4461;444,8;-27,8;10,3;7,2
26.04.2022;989050;4036;901268;4463;552,3;-19,7;9,1;6,7
27.04.2022;993782;4732;908567;4478;534,7;-11,5;9,2;6,7
28.04.2022;997288;3506;913934;4480;541,3;-1,2;8,7;6,2
29.04.2022;1000086;2798;918973;4485;556,9;9,7;9,3;5,1
30.04.2022;1000210;124;919798;4487;550,5;15,5;9,3;5,0
01.05.2022;1000246;36;920207;4487;543,2;20,5;9,2;4,8
02.05.2022;1003184;2938;925760;5553;542,3;24,7;10,2;5,7
03.05.2022;1007271;4087;932507;4495;483,3;19,5;9,9;5,8
04.05.2022;1009945;2674;937120;4503;486,3;14,2;10,0;5,8
05.05.2022;1012132;2187;941717;4509;438,2;6,6;10,3;5,5
06.05.2022;1013755;1623;945295;4512;389,0;-2,6;10,1;4,8
07.05.2022;1013866;111;945867;4512;362,1;-9,3;9,9;4,9
08.05.2022;1013959;93;946262;4512;357,8;-15,7;10,0;4,5
09.05.2022;1016756;2797;950710;4525;357,8;-21,9;8,2;4,7
10.05.2022;1020558;3802;955679;4528;392,2;-22,8;8,3;4,7
11.05.2022;1023457;2899;959863;4536;362,4;-24,7;8,2;5,2
12.05.2022;1025927;2470;963449;4544;367,3;-25,5;8,5;5,5
13.05.2022;1028271;2344;964103;4556;377,6;-24,2;8,5;4,3
14.05.2022;1028504;233;964927;4556;393,9;-21,1;8,6;4,5
15.05.2022;1028520;16;965353;4556;398,1;-16,4;8,5;4,3
16.05.2022;1031026;2506;966488;4556;397,7;-9,8;8,0;4,8
17.05.2022;1033444;2418;971140;4562;368,7;-6,3;7,2;4,5
18.05.2022;1035421;1977;974975;4574;341,1;-3,0;6,5;4,5
19.05.2022;1037058;1637;978200;4574;319,1;-2,5;5,8;4,4
20.05.2022;1038759;1701;980991;4578;301,9;-4,9;6,0;3,3
21.05.2022;1038797;38;981779;4578;285,1;-8,9;6,0;3,2
22.05.2022;1038915;118;982222;4578;283,5;-12,6;6,0;3,1
23.05.2022;1041099;2184;986654;4604;282,4;-16,1;6,0;3,8
24.05.2022;1043281;2182;990579;4606;272,9;-17,6;5,4;3,7
25.05.2022;1045093;1812;994543;4608;270,8;-20,3;5,2;3,5
26.05.2022;1045118;25;998382;4608;264,9;-22,5;4,3;3,6
27.05.2022;1046873;1755;1001066;4610;216,4;-25,7;4,4;3,8
28.05.2022;1046916;43;1001527;4610;221,1;-26,8;4,4;3,4
29.05.2022;1046916;0;1001853;4610;222,6;-26,2;4,5;3,6
30.05.2022;1048816;1900;1004248;4612;222,9;-23,9;4,5;3,6
31.05.2022;1050558;1742;1008208;4613;207,0;-22,4;4,9;3,9
01.06.2022;1052470;1912;1010669;4616;196,9;-21,9;4,9;3,5
02.06.2022;1053530;1060;1012788;4617;198,6;-21,4;4,7;3,2
03.06.2022;1054613;1083;1014361;4618;230,5;-19,0;4,6;2,9
04.06.2022;;;;;210,7;-18,2;4,6;
05.06.2022;;;;;206,8;-16,8;4,5;
06.06.2022;;;;;206,7;-14,3;3,9;2,5
07.06.2022;1057400;;1021132;4621;165,4;-14,8;4,3;2,7
08.06.2022;1059310;1910;1023633;4624;197,1;-11,5;4,5;2,9
09.06.2022;1061547;2237;1025810;4628;205,7;-6,9;5,0;2,7
10.06.2022;1063090;1543;1027836;4630;220,4;-4,9;4,6;2,7
11.06.2022;;;;;241,0;-0,3;4,5;
12.06.2022;;;;;249,2;5,3;4,4;
13.06.2022;1066136;;1030816;4632;250,3;10,8;4,7;2,7
14.06.2022;1068470;2334;1032756;4632;322,0;22,4;4,3;2,5
15.06.2022;1070470;2000;1034359;4633;309,6;28,8;4,4;2,3
16.06.2022;1072503;2033;1036044;4635;315,1;33,3;4,4;3,2
17.06.2022;1075068;2565;1037571;4636;315,5;38,9;4,5;3,3
18.06.2022;;;;;351,9;44,2;4,5;
19.06.2022;;;;;355,9;46,0;4,5;
20.06.2022;1079398;;1040407;4635;355,8;44,9;4,9;2,9
21.06.2022;1082673;3275;1042589;4635;376,3;40,0;4,9;2,9
22.06.2022;1086459;3786;1044225;4638;397,9;37,9;5,1;3,1
23.06.2022;1089344;2885;1044598;4639;440,2;38,0;5,6;2,2
24.06.2022;1092466;3122;1046939;4639;472,3;39,2;6,1;3,7
25.06.2022;;;;;464,1;37,9;6,1;
26.06.2022;;;;;462,8;34,8;6,1;
27.06.2022;1096647;;1049436;4640;464,2;30,1;7,1;3,4
28.06.2022;1099840;3193;1051111;4641;470,0;29,2;7,4;4,2
29.06.2022;1103271;3431;1052634;4648;483,4;27,1;7,6;4,4
30.06.2022;1108053;4782;1053964;4647;474,4;23,5;7,9;4,1
01.07.2022;1110870;2817;1055080;4649;515,0;21,4;8,2;4,1
02.07.2022;;;;;511,4;19,8;8,2;
03.07.2022;;;;;510,7;17,3;8,2;
04.07.2022;1116081;;1056210;4650;511,9;14,0;7,7;4,1
05.07.2022;1120300;4219;1058622;4656;534,3;12,0;9,8;4,1
06.07.2022;1124799;4499;1060227;4658;550,3;10,8;9,6;4,3
07.07.2022;1128300;3501;1061724;4661;572,9;11,8;9,3;4,4
08.07.2022;1131329;3029;1063345;4662;539,5;11,9;9,1;4,7
09.07.2022;;;;;555,9;11,8;9,1;
10.07.2022;;;;;552,0;10,9;9,1;
11.07.2022;1136189;;1066455;4665;550,8;9,6;8,6;5,8
12.07.2022;1139902;3713;1068527;4671;545,8;7,8;9,2;4,9
13.07.2022;1144033;4131;1070361;4675;531,3;5,8;9,5;4,9
14.07.2022;1147930;3897;1071952;4676;526,4;2,9;10,0;5,1
15.07.2022;1151255;3325;1074784;4677;540,1;2,1;11,9;5,7
16.07.2022;;;;;532,0;0,8;11,9;
17.07.2022;;;;;537,0;-0,5;11,9;
18.07.2022;1155785;;1079053;4679;538,0;-1,9;14,5;5,9
19.07.2022;1159132;3347;1082104;4680;518,1;-3,2;13,1;5,9
20.07.2022;1162646;3514;1085663;4681;510,2;-4,0;14,0;6,5
21.07.2022;1165496;2850;1088601;4686;490,7;-4,4;13,8;6,3
22.07.2022;1167945;2449;1091438;4688;464,9;-6,6;14,0;5,7
23.07.2022;;;;;454,6;-8,1;14,0;
24.07.2022;;;;;452,7;-9,3;14,0;
25.07.2022;1171811;;1096112;4691;450,1;-10,1;14,5;6,6
26.07.2022;1175431;3620;1099958;4699;450,4;-10,7;14,7;7,5
27.07.2022;1178488;3057;1103263;4704;447,0;-11,5;18,6;7,2
28.07.2022;1181185;2697;1107672;4708;432,5;-12,6;18,1;7,6
29.07.2022;1183163;1978;1110399;4710;426,7;-12,8;17,1;6,6
30.07.2022;;;;;411,5;-13,3;17,1;
31.07.2022;;;;;407,6;-13,0;17,1;
01.08.2022;1186336;;1116092;4715;407,7;-11,9;16,7;6,4
02.08.2022;1188715;2379;1120502;4717;386,7;-11,6;16,7;5,9
03.08.2022;1191623;2908;1124769;4720;363,1;-11,7;16,3;5,4
04.08.2022;1193757;2134;1128008;4722;352,0;-12,4;18,0;5,6
05.08.2022;1195556;1799;1131405;4727;335,8;-14,1;17,9;6,0
06.08.2022;;;;;329,8;-15,8;17,9;
07.08.2022;;;;;328,5;-17,1;17,9;
08.08.2022;1198082;;1136689;4727;328,0;-17,7;18,5;6,2
09.08.2022;1200364;2282;1140302;4729;313,0;-18,2;17,9;6,1
10.08.2022;1202665;2301;1144215;4729;310,9;-18,0;14,7;6,6
11.08.2022;1204755;2090;1147877;4737;309,5;-17,6;14,8;6,2
12.08.2022;1206570;1815;1150990;4739;308,8;-16,6;16,7;6,8
13.08.2022;;;;;304,7;-15,7;16,7;
14.08.2022;;;;;302,9;-14,2;16,7;
15.08.2022;1209445;;1156000;4745;302,7;-11,5;16,1;5,6
16.08.2022;1211257;1812;1159520;4731;303,8;-9,0;17,1;4,9
17.08.2022;1212822;1565;1162851;4735;290,5;-8,0;16,8;5,1
18.08.2022;1213927;1105;1165710;4739;269,0;-8,4;16,3;5,1
19.08.2022;1214864;937;1168346;4740;247,7;-10,3;15,6;5,6
20.08.2022;;;;;226,7;-13,1;15,6;
21.08.2022;;;;;225,1;-15,3;15,6;
22.08.2022;1216067;;1173160;4742;223,6;-16,8;15,1;5,0
23.08.2022;1217496;1429;1176478;4745;194,5;-20,1;15,1;4,1
24.08.2022;1221399;3903;1179351;4752;188,9;-23,0;14,7;4,1
25.08.2022;1223469;2070;1181993;4753;248,2;-22,0;14,4;3,3
26.08.2022;1225701;2232;1184137;4755;269,5;-18,9;11,8;3,4
27.08.2022;;;;;291,7;-13,3;11,8;
28.08.2022;;;;;291,0;-6,6;11,8;
29.08.2022;1227256;;1187933;4756;291,6;1,2;11,4;3,9
30.08.2022;1229202;1946;1190446;4765;294,7;10,1;10,0;4,2
31.08.2022;1230685;1483;1192649;4765;303,5;18,5;9,7;4,0
01.09.2022;1231791;1106;1194588;4767;241,6;17,7;9,0;4,4
02.09.2022;1233377;1586;1196495;4767;224,9;13,9;9,2;3,7
03.09.2022;;;;;210,7;7,9;9,2;
04.09.2022;;;;;212,6;2,8;9,2;
05.09.2022;1235223;;1199554;4767;212,7;-2,0;8,9;3,3
06.09.2022;1236730;1507;1201667;4770;218,5;-8,4;9,2;3,5
07.09.2022;1238329;1599;1203655;4773;204,3;-16,4;8,6;3,9
08.09.2022;1239622;1293;1205328;4775;206,1;-20,2;8,6;3,4
09.09.2022;1240774;1152;1206855;4776;205,5;-22,3;8,4;3,4
10.09.2022;;;;;202,5;-22,3;8,4;
11.09.2022;;;;;202,8;-21,2;8,4;
12.09.2022;1242920;;1209553;4778;202,8;-18,7;8,4;3,0
13.09.2022;1244634;1714;1211107;4779;212,9;-13,4;7,8;3,5
14.09.2022;1246390;1756;1212545;4783;220,0;-4,7;8,0;3,1
15.09.2022;1247679;1289;1213666;4786;219,1;-0,9;7,6;3,3
16.09.2022;1248868;1189;1214704;4795;222,5;1,7;7,7;3,4
17.09.2022;;;;;220,4;2,6;7,7;
18.09.2022;;;;;215,5;3,1;7,7;
19.09.2022;1250964;;1216613;4796;215,6;3,6;7,7;3,8
20.09.2022;1252448;1484;1218260;4799;216,8;4,7;7,2;3,7
21.09.2022;1254052;1604;1221560;4799;211,3;3,8;7,5;3,9
22.09.2022;1255578;1526;1223352;4800;217,8;3,6;7,8;3,6
23.09.2022;1257366;1788;1225030;4807;221,7;3,5;9,7;4,2
24.09.2022;;;;;232,7;3,9;9,7;
25.09.2022;;;;;233,5;4,0;9,7;
26.09.2022;1259623;;1227166;4808;232,8;3,6;9,7;4,6
27.09.2022;1261838;2215;1229093;4824;245,6;5,1;10,4;4,5
28.09.2022;1264022;2184;1230509;4827;269,0;9,2;10,2;3,8
29.09.2022;1265676;1654;1231829;4830;284,0;13,9;10,6;3,7
30.09.2022;1268230;2554;1233068;4834;286,2;18,1;10,9;5,6
01.10.2022;;;;;311,3;23,6;10,9;
02.10.2022;;;;;311,7;26,6;10,9;
03.10.2022;;;;;312,3;27,8;9,3;
04.10.2022;1271829;;1236881;4838;244,3;20,8;10,2;4,9
05.10.2022;1275536;3707;1238329;4839;285,6;17,9;10,3;4,9
06.10.2022;1278701;3165;1239632;4843;316,6;17,5;11,4;4,6
07.10.2022;1282046;3345;1240889;4845;356,8;19,8;12,0;4,7
08.10.2022;;;;;380,8;23,2;12,0;
09.10.2022;;;;;378,6;24,4;12,0;
10.10.2022;1285939;;1243652;4849;378,2;23,5;13,9;5,4
11.10.2022;1290253;4314;1245393;4854;497,5;32,4;15,0;5,7
12.10.2022;1293738;3485;1246797;4854;500,4;39,5;16,1;4,9
13.10.2022;1296879;3141;1248134;4859;487,1;42,6;17,0;4,3
14.10.2022;1299385;2506;1249179;4863;482,5;42,3;17,0;4,6
15.10.2022;;;;;464,7;40,2;17,0;
16.10.2022;;;;;468,7;37,1;17,0;
17.10.2022;1302689;;1251543;4868;468,6;33,2;21,1;5,1
18.10.2022;1306570;3881;1253156;4876;460,7;24,2;21,9;5,0
19.10.2022;1310629;4059;1254757;4877;456,2;17,1;21,9;5,5
20.10.2022;1313628;2999;1256259;4882;464,1;11,5;21,8;6,1
21.10.2022;;;;;443,5;;;
